,Name,runs
0,DJ LeMahieu,102.92984408648447
1,Corey Seager,140.10992048661004
2,Jeff McNeil,109.08776823582637
